bc_file	source_or_member	origin
/home/lxh/Projects/NSPA/workspace/git-bc/objects/submodule.bc	submodule.o	object
/home/lxh/Projects/NSPA/workspace/git-bc/objects/merge-blobs.bc	merge-blobs.o	object
/home/lxh/Projects/NSPA/workspace/git-bc/objects/trailer.bc	trailer.o	object
/home/lxh/Projects/NSPA/workspace/git-bc/objects/diffcore-rename.bc	diffcore-rename.o	object
/home/lxh/Projects/NSPA/workspace/git-bc/objects/run-command.bc	run-command.o	object
/home/lxh/Projects/NSPA/workspace/git-bc/objects/hex-ll.bc	hex-ll.o	object
/home/lxh/Projects/NSPA/workspace/git-bc/objects/kwset.bc	kwset.o	object
/home/lxh/Projects/NSPA/workspace/git-bc/objects/diffcore-order.bc	diffcore-order.o	object
/home/lxh/Projects/NSPA/workspace/git-bc/objects/compat/qsort_s.bc	compat/qsort_s.o	object
/home/lxh/Projects/NSPA/workspace/git-bc/objects/compat/linux/procinfo.bc	compat/linux/procinfo.o	object
/home/lxh/Projects/NSPA/workspace/git-bc/objects/compat/fopen.bc	compat/fopen.o	object
/home/lxh/Projects/NSPA/workspace/git-bc/objects/compat/nonblock.bc	compat/nonblock.o	object
/home/lxh/Projects/NSPA/workspace/git-bc/objects/compat/regex/regex.bc	compat/regex/regex.o	object
/home/lxh/Projects/NSPA/workspace/git-bc/objects/compat/terminal.bc	compat/terminal.o	object
/home/lxh/Projects/NSPA/workspace/git-bc/objects/compat/obstack.bc	compat/obstack.o	object
/home/lxh/Projects/NSPA/workspace/git-bc/objects/compat/simple-ipc/ipc-shared.bc	compat/simple-ipc/ipc-shared.o	object
/home/lxh/Projects/NSPA/workspace/git-bc/objects/compat/simple-ipc/ipc-unix-socket.bc	compat/simple-ipc/ipc-unix-socket.o	object
/home/lxh/Projects/NSPA/workspace/git-bc/objects/compat/open.bc	compat/open.o	object
/home/lxh/Projects/NSPA/workspace/git-bc/objects/compat/strlcpy.bc	compat/strlcpy.o	object
/home/lxh/Projects/NSPA/workspace/git-bc/objects/prio-queue.bc	prio-queue.o	object
/home/lxh/Projects/NSPA/workspace/git-bc/objects/version.bc	version.o	object
/home/lxh/Projects/NSPA/workspace/git-bc/objects/notes-cache.bc	notes-cache.o	object
/home/lxh/Projects/NSPA/workspace/git-bc/objects/convert.bc	convert.o	object
/home/lxh/Projects/NSPA/workspace/git-bc/objects/urlmatch.bc	urlmatch.o	object
/home/lxh/Projects/NSPA/workspace/git-bc/objects/diff-delta.bc	diff-delta.o	object
/home/lxh/Projects/NSPA/workspace/git-bc/objects/sequencer.bc	sequencer.o	object
/home/lxh/Projects/NSPA/workspace/git-bc/objects/refspec.bc	refspec.o	object
/home/lxh/Projects/NSPA/workspace/git-bc/objects/advice.bc	advice.o	object
/home/lxh/Projects/NSPA/workspace/git-bc/objects/decorate.bc	decorate.o	object
/home/lxh/Projects/NSPA/workspace/git-bc/objects/submodule-config.bc	submodule-config.o	object
/home/lxh/Projects/NSPA/workspace/git-bc/objects/pack-mtimes.bc	pack-mtimes.o	object
/home/lxh/Projects/NSPA/workspace/git-bc/objects/strbuf.bc	strbuf.o	object
/home/lxh/Projects/NSPA/workspace/git-bc/objects/hashmap.bc	hashmap.o	object
/home/lxh/Projects/NSPA/workspace/git-bc/objects/parse-options-cb.bc	parse-options-cb.o	object
/home/lxh/Projects/NSPA/workspace/git-bc/objects/reset.bc	reset.o	object
/home/lxh/Projects/NSPA/workspace/git-bc/objects/unix-socket.bc	unix-socket.o	object
/home/lxh/Projects/NSPA/workspace/git-bc/objects/server-info.bc	server-info.o	object
/home/lxh/Projects/NSPA/workspace/git-bc/objects/commit.bc	commit.o	object
/home/lxh/Projects/NSPA/workspace/git-bc/objects/add-interactive.bc	add-interactive.o	object
/home/lxh/Projects/NSPA/workspace/git-bc/objects/checkout.bc	checkout.o	object
/home/lxh/Projects/NSPA/workspace/git-bc/objects/trace2/tr2_tmr.bc	trace2/tr2_tmr.o	object
/home/lxh/Projects/NSPA/workspace/git-bc/objects/trace2/tr2_ctr.bc	trace2/tr2_ctr.o	object
/home/lxh/Projects/NSPA/workspace/git-bc/objects/trace2/tr2_sysenv.bc	trace2/tr2_sysenv.o	object
/home/lxh/Projects/NSPA/workspace/git-bc/objects/trace2/tr2_tgt_perf.bc	trace2/tr2_tgt_perf.o	object
/home/lxh/Projects/NSPA/workspace/git-bc/objects/trace2/tr2_tbuf.bc	trace2/tr2_tbuf.o	object
/home/lxh/Projects/NSPA/workspace/git-bc/objects/trace2/tr2_sid.bc	trace2/tr2_sid.o	object
/home/lxh/Projects/NSPA/workspace/git-bc/objects/trace2/tr2_cfg.bc	trace2/tr2_cfg.o	object
/home/lxh/Projects/NSPA/workspace/git-bc/objects/trace2/tr2_cmd_name.bc	trace2/tr2_cmd_name.o	object
/home/lxh/Projects/NSPA/workspace/git-bc/objects/trace2/tr2_tls.bc	trace2/tr2_tls.o	object
/home/lxh/Projects/NSPA/workspace/git-bc/objects/trace2/tr2_dst.bc	trace2/tr2_dst.o	object
/home/lxh/Projects/NSPA/workspace/git-bc/objects/trace2/tr2_tgt_event.bc	trace2/tr2_tgt_event.o	object
/home/lxh/Projects/NSPA/workspace/git-bc/objects/trace2/tr2_tgt_normal.bc	trace2/tr2_tgt_normal.o	object
/home/lxh/Projects/NSPA/workspace/git-bc/objects/git.bc	git.o	object
/home/lxh/Projects/NSPA/workspace/git-bc/objects/delta-islands.bc	delta-islands.o	object
/home/lxh/Projects/NSPA/workspace/git-bc/objects/patch-ids.bc	patch-ids.o	object
/home/lxh/Projects/NSPA/workspace/git-bc/objects/grep.bc	grep.o	object
/home/lxh/Projects/NSPA/workspace/git-bc/objects/oidset.bc	oidset.o	object
/home/lxh/Projects/NSPA/workspace/git-bc/objects/repack-geometry.bc	repack-geometry.o	object
/home/lxh/Projects/NSPA/workspace/git-bc/objects/base85.bc	base85.o	object
/home/lxh/Projects/NSPA/workspace/git-bc/objects/serve.bc	serve.o	object
/home/lxh/Projects/NSPA/workspace/git-bc/objects/wt-status.bc	wt-status.o	object
/home/lxh/Projects/NSPA/workspace/git-bc/objects/symlinks.bc	symlinks.o	object
/home/lxh/Projects/NSPA/workspace/git-bc/objects/chunk-format.bc	chunk-format.o	object
/home/lxh/Projects/NSPA/workspace/git-bc/objects/fetch-pack.bc	fetch-pack.o	object
/home/lxh/Projects/NSPA/workspace/git-bc/objects/pseudo-merge.bc	pseudo-merge.o	object
/home/lxh/Projects/NSPA/workspace/git-bc/objects/archive-tar.bc	archive-tar.o	object
/home/lxh/Projects/NSPA/workspace/git-bc/objects/diff-merges.bc	diff-merges.o	object
/home/lxh/Projects/NSPA/workspace/git-bc/objects/diff-no-index.bc	diff-no-index.o	object
/home/lxh/Projects/NSPA/workspace/git-bc/objects/repack-cruft.bc	repack-cruft.o	object
/home/lxh/Projects/NSPA/workspace/git-bc/objects/transport.bc	transport.o	object
/home/lxh/Projects/NSPA/workspace/git-bc/objects/oid-array.bc	oid-array.o	object
/home/lxh/Projects/NSPA/workspace/git-bc/objects/packfile.bc	packfile.o	object
/home/lxh/Projects/NSPA/workspace/git-bc/objects/ws.bc	ws.o	object
/home/lxh/Projects/NSPA/workspace/git-bc/objects/pager.bc	pager.o	object
/home/lxh/Projects/NSPA/workspace/git-bc/objects/repository.bc	repository.o	object
/home/lxh/Projects/NSPA/workspace/git-bc/objects/reflog-walk.bc	reflog-walk.o	object
/home/lxh/Projects/NSPA/workspace/git-bc/objects/repack-filtered.bc	repack-filtered.o	object
/home/lxh/Projects/NSPA/workspace/git-bc/objects/odb/source-files.bc	odb/source-files.o	object
/home/lxh/Projects/NSPA/workspace/git-bc/objects/odb/source-inmemory.bc	odb/source-inmemory.o	object
/home/lxh/Projects/NSPA/workspace/git-bc/objects/odb/transaction.bc	odb/transaction.o	object
/home/lxh/Projects/NSPA/workspace/git-bc/objects/odb/streaming.bc	odb/streaming.o	object
/home/lxh/Projects/NSPA/workspace/git-bc/objects/odb/source.bc	odb/source.o	object
/home/lxh/Projects/NSPA/workspace/git-bc/objects/ls-refs.bc	ls-refs.o	object
/home/lxh/Projects/NSPA/workspace/git-bc/objects/pack-bitmap-write.bc	pack-bitmap-write.o	object
/home/lxh/Projects/NSPA/workspace/git-bc/objects/xdiff-interface.bc	xdiff-interface.o	object
/home/lxh/Projects/NSPA/workspace/git-bc/objects/upload-pack.bc	upload-pack.o	object
/home/lxh/Projects/NSPA/workspace/git-bc/objects/environment.bc	environment.o	object
/home/lxh/Projects/NSPA/workspace/git-bc/objects/replace-object.bc	replace-object.o	object
/home/lxh/Projects/NSPA/workspace/git-bc/objects/midx.bc	midx.o	object
/home/lxh/Projects/NSPA/workspace/git-bc/objects/list-objects.bc	list-objects.o	object
/home/lxh/Projects/NSPA/workspace/git-bc/objects/log-tree.bc	log-tree.o	object
/home/lxh/Projects/NSPA/workspace/git-bc/objects/diffcore-break.bc	diffcore-break.o	object
/home/lxh/Projects/NSPA/workspace/git-bc/objects/sha256/block/sha256.bc	sha256/block/sha256.o	object
/home/lxh/Projects/NSPA/workspace/git-bc/objects/json-writer.bc	json-writer.o	object
/home/lxh/Projects/NSPA/workspace/git-bc/objects/read-cache.bc	read-cache.o	object
/home/lxh/Projects/NSPA/workspace/git-bc/objects/walker.bc	walker.o	object
/home/lxh/Projects/NSPA/workspace/git-bc/objects/hook.bc	hook.o	object
/home/lxh/Projects/NSPA/workspace/git-bc/objects/sha1dc_git.bc	sha1dc_git.o	object
/home/lxh/Projects/NSPA/workspace/git-bc/objects/fsck.bc	fsck.o	object
/home/lxh/Projects/NSPA/workspace/git-bc/objects/ident.bc	ident.o	object
/home/lxh/Projects/NSPA/workspace/git-bc/objects/gettext.bc	gettext.o	object
/home/lxh/Projects/NSPA/workspace/git-bc/objects/resolve-undo.bc	resolve-undo.o	object
/home/lxh/Projects/NSPA/workspace/git-bc/objects/mailmap.bc	mailmap.o	object
/home/lxh/Projects/NSPA/workspace/git-bc/objects/alias.bc	alias.o	object
/home/lxh/Projects/NSPA/workspace/git-bc/objects/cbtree.bc	cbtree.o	object
/home/lxh/Projects/NSPA/workspace/git-bc/objects/add-patch.bc	add-patch.o	object
/home/lxh/Projects/NSPA/workspace/git-bc/objects/reachable.bc	reachable.o	object
/home/lxh/Projects/NSPA/workspace/git-bc/objects/bundle-uri.bc	bundle-uri.o	object
/home/lxh/Projects/NSPA/workspace/git-bc/objects/archive.bc	archive.o	object
/home/lxh/Projects/NSPA/workspace/git-bc/objects/stable-qsort.bc	stable-qsort.o	object
/home/lxh/Projects/NSPA/workspace/git-bc/objects/unpack-trees.bc	unpack-trees.o	object
/home/lxh/Projects/NSPA/workspace/git-bc/objects/diff-lib.bc	diff-lib.o	object
/home/lxh/Projects/NSPA/workspace/git-bc/objects/diffcore-rotate.bc	diffcore-rotate.o	object
/home/lxh/Projects/NSPA/workspace/git-bc/objects/unix-stream-server.bc	unix-stream-server.o	object
/home/lxh/Projects/NSPA/workspace/git-bc/objects/sigchain.bc	sigchain.o	object
/home/lxh/Projects/NSPA/workspace/git-bc/objects/ctype.bc	ctype.o	object
/home/lxh/Projects/NSPA/workspace/git-bc/objects/levenshtein.bc	levenshtein.o	object
/home/lxh/Projects/NSPA/workspace/git-bc/objects/pack-check.bc	pack-check.o	object
/home/lxh/Projects/NSPA/workspace/git-bc/objects/attr.bc	attr.o	object
/home/lxh/Projects/NSPA/workspace/git-bc/objects/dir.bc	dir.o	object
/home/lxh/Projects/NSPA/workspace/git-bc/objects/linear-assignment.bc	linear-assignment.o	object
/home/lxh/Projects/NSPA/workspace/git-bc/objects/protocol.bc	protocol.o	object
/home/lxh/Projects/NSPA/workspace/git-bc/objects/repack-promisor.bc	repack-promisor.o	object
/home/lxh/Projects/NSPA/workspace/git-bc/objects/dir-iterator.bc	dir-iterator.o	object
/home/lxh/Projects/NSPA/workspace/git-bc/objects/utf8.bc	utf8.o	object
/home/lxh/Projects/NSPA/workspace/git-bc/objects/refs/ref-cache.bc	refs/ref-cache.o	object
/home/lxh/Projects/NSPA/workspace/git-bc/objects/refs/packed-backend.bc	refs/packed-backend.o	object
/home/lxh/Projects/NSPA/workspace/git-bc/objects/refs/files-backend.bc	refs/files-backend.o	object
/home/lxh/Projects/NSPA/workspace/git-bc/objects/refs/debug.bc	refs/debug.o	object
/home/lxh/Projects/NSPA/workspace/git-bc/objects/refs/reftable-backend.bc	refs/reftable-backend.o	object
/home/lxh/Projects/NSPA/workspace/git-bc/objects/refs/iterator.bc	refs/iterator.o	object
/home/lxh/Projects/NSPA/workspace/git-bc/objects/color.bc	color.o	object
/home/lxh/Projects/NSPA/workspace/git-bc/objects/alloc.bc	alloc.o	object
/home/lxh/Projects/NSPA/workspace/git-bc/objects/parallel-checkout.bc	parallel-checkout.o	object
/home/lxh/Projects/NSPA/workspace/git-bc/objects/blame.bc	blame.o	object
/home/lxh/Projects/NSPA/workspace/git-bc/objects/object-name.bc	object-name.o	object
/home/lxh/Projects/NSPA/workspace/git-bc/objects/common-exit.bc	common-exit.o	object
/home/lxh/Projects/NSPA/workspace/git-bc/objects/hex.bc	hex.o	object
/home/lxh/Projects/NSPA/workspace/git-bc/objects/split-index.bc	split-index.o	object
/home/lxh/Projects/NSPA/workspace/git-bc/objects/sideband.bc	sideband.o	object
/home/lxh/Projects/NSPA/workspace/git-bc/objects/parse.bc	parse.o	object
/home/lxh/Projects/NSPA/workspace/git-bc/objects/string-list.bc	string-list.o	object
/home/lxh/Projects/NSPA/workspace/git-bc/objects/common-main.bc	common-main.o	object
/home/lxh/Projects/NSPA/workspace/git-bc/objects/commit-graph.bc	commit-graph.o	object
/home/lxh/Projects/NSPA/workspace/git-bc/objects/builtin/repo.bc	builtin/repo.o	object
/home/lxh/Projects/NSPA/workspace/git-bc/objects/builtin/show-index.bc	builtin/show-index.o	object
/home/lxh/Projects/NSPA/workspace/git-bc/objects/builtin/update-server-info.bc	builtin/update-server-info.o	object
/home/lxh/Projects/NSPA/workspace/git-bc/objects/builtin/mktree.bc	builtin/mktree.o	object
/home/lxh/Projects/NSPA/workspace/git-bc/objects/builtin/stripspace.bc	builtin/stripspace.o	object
/home/lxh/Projects/NSPA/workspace/git-bc/objects/builtin/clone.bc	builtin/clone.o	object
/home/lxh/Projects/NSPA/workspace/git-bc/objects/builtin/name-rev.bc	builtin/name-rev.o	object
/home/lxh/Projects/NSPA/workspace/git-bc/objects/builtin/index-pack.bc	builtin/index-pack.o	object
/home/lxh/Projects/NSPA/workspace/git-bc/objects/builtin/verify-pack.bc	builtin/verify-pack.o	object
/home/lxh/Projects/NSPA/workspace/git-bc/objects/builtin/pull.bc	builtin/pull.o	object
/home/lxh/Projects/NSPA/workspace/git-bc/objects/builtin/merge-file.bc	builtin/merge-file.o	object
/home/lxh/Projects/NSPA/workspace/git-bc/objects/builtin/fsmonitor--daemon.bc	builtin/fsmonitor--daemon.o	object
/home/lxh/Projects/NSPA/workspace/git-bc/objects/builtin/reset.bc	builtin/reset.o	object
/home/lxh/Projects/NSPA/workspace/git-bc/objects/builtin/am.bc	builtin/am.o	object
/home/lxh/Projects/NSPA/workspace/git-bc/objects/builtin/commit.bc	builtin/commit.o	object
/home/lxh/Projects/NSPA/workspace/git-bc/objects/builtin/checkout.bc	builtin/checkout.o	object
/home/lxh/Projects/NSPA/workspace/git-bc/objects/builtin/push.bc	builtin/push.o	object
/home/lxh/Projects/NSPA/workspace/git-bc/objects/builtin/diff-tree.bc	builtin/diff-tree.o	object
/home/lxh/Projects/NSPA/workspace/git-bc/objects/builtin/unpack-file.bc	builtin/unpack-file.o	object
/home/lxh/Projects/NSPA/workspace/git-bc/objects/builtin/grep.bc	builtin/grep.o	object
/home/lxh/Projects/NSPA/workspace/git-bc/objects/builtin/merge-tree.bc	builtin/merge-tree.o	object
/home/lxh/Projects/NSPA/workspace/git-bc/objects/builtin/fetch-pack.bc	builtin/fetch-pack.o	object
/home/lxh/Projects/NSPA/workspace/git-bc/objects/builtin/log.bc	builtin/log.o	object
/home/lxh/Projects/NSPA/workspace/git-bc/objects/builtin/check-ignore.bc	builtin/check-ignore.o	object
/home/lxh/Projects/NSPA/workspace/git-bc/objects/builtin/upload-pack.bc	builtin/upload-pack.o	object
/home/lxh/Projects/NSPA/workspace/git-bc/objects/builtin/diff-index.bc	builtin/diff-index.o	object
/home/lxh/Projects/NSPA/workspace/git-bc/objects/builtin/update-ref.bc	builtin/update-ref.o	object
/home/lxh/Projects/NSPA/workspace/git-bc/objects/builtin/upload-archive.bc	builtin/upload-archive.o	object
/home/lxh/Projects/NSPA/workspace/git-bc/objects/builtin/difftool.bc	builtin/difftool.o	object
/home/lxh/Projects/NSPA/workspace/git-bc/objects/builtin/check-mailmap.bc	builtin/check-mailmap.o	object
/home/lxh/Projects/NSPA/workspace/git-bc/objects/builtin/hook.bc	builtin/hook.o	object
/home/lxh/Projects/NSPA/workspace/git-bc/objects/builtin/check-attr.bc	builtin/check-attr.o	object
/home/lxh/Projects/NSPA/workspace/git-bc/objects/builtin/annotate.bc	builtin/annotate.o	object
/home/lxh/Projects/NSPA/workspace/git-bc/objects/builtin/bugreport.bc	builtin/bugreport.o	object
/home/lxh/Projects/NSPA/workspace/git-bc/objects/builtin/fsck.bc	builtin/fsck.o	object
/home/lxh/Projects/NSPA/workspace/git-bc/objects/builtin/cat-file.bc	builtin/cat-file.o	object
/home/lxh/Projects/NSPA/workspace/git-bc/objects/builtin/replace.bc	builtin/replace.o	object
/home/lxh/Projects/NSPA/workspace/git-bc/objects/builtin/archive.bc	builtin/archive.o	object
/home/lxh/Projects/NSPA/workspace/git-bc/objects/builtin/merge-base.bc	builtin/merge-base.o	object
/home/lxh/Projects/NSPA/workspace/git-bc/objects/builtin/merge-ours.bc	builtin/merge-ours.o	object
/home/lxh/Projects/NSPA/workspace/git-bc/objects/builtin/rev-parse.bc	builtin/rev-parse.o	object
/home/lxh/Projects/NSPA/workspace/git-bc/objects/builtin/sparse-checkout.bc	builtin/sparse-checkout.o	object
/home/lxh/Projects/NSPA/workspace/git-bc/objects/builtin/init-db.bc	builtin/init-db.o	object
/home/lxh/Projects/NSPA/workspace/git-bc/objects/builtin/pack-redundant.bc	builtin/pack-redundant.o	object
/home/lxh/Projects/NSPA/workspace/git-bc/objects/builtin/fetch.bc	builtin/fetch.o	object
/home/lxh/Projects/NSPA/workspace/git-bc/objects/builtin/blame.bc	builtin/blame.o	object
/home/lxh/Projects/NSPA/workspace/git-bc/objects/builtin/ls-files.bc	builtin/ls-files.o	object
/home/lxh/Projects/NSPA/workspace/git-bc/objects/builtin/commit-graph.bc	builtin/commit-graph.o	object
/home/lxh/Projects/NSPA/workspace/git-bc/objects/builtin/remote-fd.bc	builtin/remote-fd.o	object
/home/lxh/Projects/NSPA/workspace/git-bc/objects/builtin/multi-pack-index.bc	builtin/multi-pack-index.o	object
/home/lxh/Projects/NSPA/workspace/git-bc/objects/builtin/fast-import.bc	builtin/fast-import.o	object
/home/lxh/Projects/NSPA/workspace/git-bc/objects/builtin/hash-object.bc	builtin/hash-object.o	object
/home/lxh/Projects/NSPA/workspace/git-bc/objects/builtin/diff-files.bc	builtin/diff-files.o	object
/home/lxh/Projects/NSPA/workspace/git-bc/objects/builtin/submodule--helper.bc	builtin/submodule--helper.o	object
/home/lxh/Projects/NSPA/workspace/git-bc/objects/builtin/range-diff.bc	builtin/range-diff.o	object
/home/lxh/Projects/NSPA/workspace/git-bc/objects/builtin/prune.bc	builtin/prune.o	object
/home/lxh/Projects/NSPA/workspace/git-bc/objects/builtin/mailsplit.bc	builtin/mailsplit.o	object
/home/lxh/Projects/NSPA/workspace/git-bc/objects/builtin/notes.bc	builtin/notes.o	object
/home/lxh/Projects/NSPA/workspace/git-bc/objects/builtin/refs.bc	builtin/refs.o	object
/home/lxh/Projects/NSPA/workspace/git-bc/objects/builtin/last-modified.bc	builtin/last-modified.o	object
/home/lxh/Projects/NSPA/workspace/git-bc/objects/builtin/count-objects.bc	builtin/count-objects.o	object
/home/lxh/Projects/NSPA/workspace/git-bc/objects/builtin/get-tar-commit-id.bc	builtin/get-tar-commit-id.o	object
/home/lxh/Projects/NSPA/workspace/git-bc/objects/builtin/apply.bc	builtin/apply.o	object
/home/lxh/Projects/NSPA/workspace/git-bc/objects/builtin/for-each-repo.bc	builtin/for-each-repo.o	object
/home/lxh/Projects/NSPA/workspace/git-bc/objects/builtin/credential-store.bc	builtin/credential-store.o	object
/home/lxh/Projects/NSPA/workspace/git-bc/objects/builtin/shortlog.bc	builtin/shortlog.o	object
/home/lxh/Projects/NSPA/workspace/git-bc/objects/builtin/show-branch.bc	builtin/show-branch.o	object
/home/lxh/Projects/NSPA/workspace/git-bc/objects/builtin/diff-pairs.bc	builtin/diff-pairs.o	object
/home/lxh/Projects/NSPA/workspace/git-bc/objects/builtin/prune-packed.bc	builtin/prune-packed.o	object
/home/lxh/Projects/NSPA/workspace/git-bc/objects/builtin/credential-cache--daemon.bc	builtin/credential-cache--daemon.o	object
/home/lxh/Projects/NSPA/workspace/git-bc/objects/builtin/write-tree.bc	builtin/write-tree.o	object
/home/lxh/Projects/NSPA/workspace/git-bc/objects/builtin/bisect.bc	builtin/bisect.o	object
/home/lxh/Projects/NSPA/workspace/git-bc/objects/builtin/show-ref.bc	builtin/show-ref.o	object
/home/lxh/Projects/NSPA/workspace/git-bc/objects/builtin/receive-pack.bc	builtin/receive-pack.o	object
/home/lxh/Projects/NSPA/workspace/git-bc/objects/builtin/merge-index.bc	builtin/merge-index.o	object
/home/lxh/Projects/NSPA/workspace/git-bc/objects/builtin/replay.bc	builtin/replay.o	object
/home/lxh/Projects/NSPA/workspace/git-bc/objects/builtin/merge.bc	builtin/merge.o	object
/home/lxh/Projects/NSPA/workspace/git-bc/objects/builtin/column.bc	builtin/column.o	object
/home/lxh/Projects/NSPA/workspace/git-bc/objects/builtin/update-index.bc	builtin/update-index.o	object
/home/lxh/Projects/NSPA/workspace/git-bc/objects/builtin/verify-commit.bc	builtin/verify-commit.o	object
/home/lxh/Projects/NSPA/workspace/git-bc/objects/builtin/credential-cache.bc	builtin/credential-cache.o	object
/home/lxh/Projects/NSPA/workspace/git-bc/objects/builtin/credential.bc	builtin/credential.o	object
/home/lxh/Projects/NSPA/workspace/git-bc/objects/builtin/remote.bc	builtin/remote.o	object
/home/lxh/Projects/NSPA/workspace/git-bc/objects/builtin/revert.bc	builtin/revert.o	object
/home/lxh/Projects/NSPA/workspace/git-bc/objects/builtin/rev-list.bc	builtin/rev-list.o	object
/home/lxh/Projects/NSPA/workspace/git-bc/objects/builtin/diff.bc	builtin/diff.o	object
/home/lxh/Projects/NSPA/workspace/git-bc/objects/builtin/branch.bc	builtin/branch.o	object
/home/lxh/Projects/NSPA/workspace/git-bc/objects/builtin/verify-tag.bc	builtin/verify-tag.o	object
/home/lxh/Projects/NSPA/workspace/git-bc/objects/builtin/worktree.bc	builtin/worktree.o	object
/home/lxh/Projects/NSPA/workspace/git-bc/objects/builtin/checkout-index.bc	builtin/checkout-index.o	object
/home/lxh/Projects/NSPA/workspace/git-bc/objects/builtin/fast-export.bc	builtin/fast-export.o	object
/home/lxh/Projects/NSPA/workspace/git-bc/objects/builtin/rerere.bc	builtin/rerere.o	object
/home/lxh/Projects/NSPA/workspace/git-bc/objects/builtin/describe.bc	builtin/describe.o	object
/home/lxh/Projects/NSPA/workspace/git-bc/objects/builtin/pack-refs.bc	builtin/pack-refs.o	object
/home/lxh/Projects/NSPA/workspace/git-bc/objects/builtin/backfill.bc	builtin/backfill.o	object
/home/lxh/Projects/NSPA/workspace/git-bc/objects/builtin/rm.bc	builtin/rm.o	object
/home/lxh/Projects/NSPA/workspace/git-bc/objects/builtin/reflog.bc	builtin/reflog.o	object
/home/lxh/Projects/NSPA/workspace/git-bc/objects/builtin/read-tree.bc	builtin/read-tree.o	object
/home/lxh/Projects/NSPA/workspace/git-bc/objects/builtin/symbolic-ref.bc	builtin/symbolic-ref.o	object
/home/lxh/Projects/NSPA/workspace/git-bc/objects/builtin/remote-ext.bc	builtin/remote-ext.o	object
/home/lxh/Projects/NSPA/workspace/git-bc/objects/builtin/stash.bc	builtin/stash.o	object
/home/lxh/Projects/NSPA/workspace/git-bc/objects/builtin/checkout--worker.bc	builtin/checkout--worker.o	object
/home/lxh/Projects/NSPA/workspace/git-bc/objects/builtin/interpret-trailers.bc	builtin/interpret-trailers.o	object
/home/lxh/Projects/NSPA/workspace/git-bc/objects/builtin/add.bc	builtin/add.o	object
/home/lxh/Projects/NSPA/workspace/git-bc/objects/builtin/commit-tree.bc	builtin/commit-tree.o	object
/home/lxh/Projects/NSPA/workspace/git-bc/objects/builtin/ls-remote.bc	builtin/ls-remote.o	object
/home/lxh/Projects/NSPA/workspace/git-bc/objects/builtin/config.bc	builtin/config.o	object
/home/lxh/Projects/NSPA/workspace/git-bc/objects/builtin/repack.bc	builtin/repack.o	object
/home/lxh/Projects/NSPA/workspace/git-bc/objects/builtin/pack-objects.bc	builtin/pack-objects.o	object
/home/lxh/Projects/NSPA/workspace/git-bc/objects/builtin/check-ref-format.bc	builtin/check-ref-format.o	object
/home/lxh/Projects/NSPA/workspace/git-bc/objects/builtin/help.bc	builtin/help.o	object
/home/lxh/Projects/NSPA/workspace/git-bc/objects/builtin/history.bc	builtin/history.o	object
/home/lxh/Projects/NSPA/workspace/git-bc/objects/builtin/fmt-merge-msg.bc	builtin/fmt-merge-msg.o	object
/home/lxh/Projects/NSPA/workspace/git-bc/objects/builtin/mv.bc	builtin/mv.o	object
/home/lxh/Projects/NSPA/workspace/git-bc/objects/builtin/send-pack.bc	builtin/send-pack.o	object
/home/lxh/Projects/NSPA/workspace/git-bc/objects/builtin/tag.bc	builtin/tag.o	object
/home/lxh/Projects/NSPA/workspace/git-bc/objects/builtin/ls-tree.bc	builtin/ls-tree.o	object
/home/lxh/Projects/NSPA/workspace/git-bc/objects/builtin/mailinfo.bc	builtin/mailinfo.o	object
/home/lxh/Projects/NSPA/workspace/git-bc/objects/builtin/url-parse.bc	builtin/url-parse.o	object
/home/lxh/Projects/NSPA/workspace/git-bc/objects/builtin/diagnose.bc	builtin/diagnose.o	object
/home/lxh/Projects/NSPA/workspace/git-bc/objects/builtin/mktag.bc	builtin/mktag.o	object
/home/lxh/Projects/NSPA/workspace/git-bc/objects/builtin/for-each-ref.bc	builtin/for-each-ref.o	object
/home/lxh/Projects/NSPA/workspace/git-bc/objects/builtin/gc.bc	builtin/gc.o	object
/home/lxh/Projects/NSPA/workspace/git-bc/objects/builtin/merge-recursive.bc	builtin/merge-recursive.o	object
/home/lxh/Projects/NSPA/workspace/git-bc/objects/builtin/rebase.bc	builtin/rebase.o	object
/home/lxh/Projects/NSPA/workspace/git-bc/objects/builtin/bundle.bc	builtin/bundle.o	object
/home/lxh/Projects/NSPA/workspace/git-bc/objects/builtin/var.bc	builtin/var.o	object
/home/lxh/Projects/NSPA/workspace/git-bc/objects/builtin/patch-id.bc	builtin/patch-id.o	object
/home/lxh/Projects/NSPA/workspace/git-bc/objects/builtin/clean.bc	builtin/clean.o	object
/home/lxh/Projects/NSPA/workspace/git-bc/objects/builtin/unpack-objects.bc	builtin/unpack-objects.o	object
/home/lxh/Projects/NSPA/workspace/git-bc/objects/match-trees.bc	match-trees.o	object
/home/lxh/Projects/NSPA/workspace/git-bc/objects/tree-walk.bc	tree-walk.o	object
/home/lxh/Projects/NSPA/workspace/git-bc/objects/range-diff.bc	range-diff.o	object
/home/lxh/Projects/NSPA/workspace/git-bc/objects/hash-lookup.bc	hash-lookup.o	object
/home/lxh/Projects/NSPA/workspace/git-bc/objects/preload-index.bc	preload-index.o	object
/home/lxh/Projects/NSPA/workspace/git-bc/objects/loose.bc	loose.o	object
/home/lxh/Projects/NSPA/workspace/git-bc/objects/pkt-line.bc	pkt-line.o	object
/home/lxh/Projects/NSPA/workspace/git-bc/objects/notes.bc	notes.o	object
/home/lxh/Projects/NSPA/workspace/git-bc/objects/sha1dc/sha1.bc	sha1dc/sha1.o	object
/home/lxh/Projects/NSPA/workspace/git-bc/objects/sha1dc/ubc_check.bc	sha1dc/ubc_check.o	object
/home/lxh/Projects/NSPA/workspace/git-bc/objects/refs.bc	refs.o	object
/home/lxh/Projects/NSPA/workspace/git-bc/objects/tree.bc	tree.o	object
/home/lxh/Projects/NSPA/workspace/git-bc/objects/path-walk.bc	path-walk.o	object
/home/lxh/Projects/NSPA/workspace/git-bc/objects/connected.bc	connected.o	object
/home/lxh/Projects/NSPA/workspace/git-bc/objects/statinfo.bc	statinfo.o	object
/home/lxh/Projects/NSPA/workspace/git-bc/objects/hash.bc	hash.o	object
/home/lxh/Projects/NSPA/workspace/git-bc/objects/ewah/ewah_io.bc	ewah/ewah_io.o	object
/home/lxh/Projects/NSPA/workspace/git-bc/objects/ewah/ewah_rlw.bc	ewah/ewah_rlw.o	object
/home/lxh/Projects/NSPA/workspace/git-bc/objects/ewah/bitmap.bc	ewah/bitmap.o	object
/home/lxh/Projects/NSPA/workspace/git-bc/objects/ewah/ewah_bitmap.bc	ewah/ewah_bitmap.o	object
/home/lxh/Projects/NSPA/workspace/git-bc/objects/compiler-tricks/not-constant.bc	compiler-tricks/not-constant.o	object
/home/lxh/Projects/NSPA/workspace/git-bc/objects/usage.bc	usage.o	object
/home/lxh/Projects/NSPA/workspace/git-bc/objects/promisor-remote.bc	promisor-remote.o	object
/home/lxh/Projects/NSPA/workspace/git-bc/objects/repack-midx.bc	repack-midx.o	object
/home/lxh/Projects/NSPA/workspace/git-bc/objects/apply.bc	apply.o	object
/home/lxh/Projects/NSPA/workspace/git-bc/objects/cache-tree.bc	cache-tree.o	object
/home/lxh/Projects/NSPA/workspace/git-bc/objects/sub-process.bc	sub-process.o	object
/home/lxh/Projects/NSPA/workspace/git-bc/objects/reftable/fsck.bc	reftable/fsck.o	object
/home/lxh/Projects/NSPA/workspace/git-bc/objects/reftable/table.bc	reftable/table.o	object
/home/lxh/Projects/NSPA/workspace/git-bc/objects/reftable/error.bc	reftable/error.o	object
/home/lxh/Projects/NSPA/workspace/git-bc/objects/reftable/merged.bc	reftable/merged.o	object
/home/lxh/Projects/NSPA/workspace/git-bc/objects/reftable/basics.bc	reftable/basics.o	object
/home/lxh/Projects/NSPA/workspace/git-bc/objects/reftable/writer.bc	reftable/writer.o	object
/home/lxh/Projects/NSPA/workspace/git-bc/objects/reftable/tree.bc	reftable/tree.o	object
/home/lxh/Projects/NSPA/workspace/git-bc/objects/reftable/pq.bc	reftable/pq.o	object
/home/lxh/Projects/NSPA/workspace/git-bc/objects/reftable/system.bc	reftable/system.o	object
/home/lxh/Projects/NSPA/workspace/git-bc/objects/reftable/block.bc	reftable/block.o	object
/home/lxh/Projects/NSPA/workspace/git-bc/objects/reftable/record.bc	reftable/record.o	object
/home/lxh/Projects/NSPA/workspace/git-bc/objects/reftable/blocksource.bc	reftable/blocksource.o	object
/home/lxh/Projects/NSPA/workspace/git-bc/objects/reftable/stack.bc	reftable/stack.o	object
/home/lxh/Projects/NSPA/workspace/git-bc/objects/reftable/iter.bc	reftable/iter.o	object
/home/lxh/Projects/NSPA/workspace/git-bc/objects/userdiff.bc	userdiff.o	object
/home/lxh/Projects/NSPA/workspace/git-bc/objects/prune-packed.bc	prune-packed.o	object
/home/lxh/Projects/NSPA/workspace/git-bc/objects/notes-merge.bc	notes-merge.o	object
/home/lxh/Projects/NSPA/workspace/git-bc/objects/bisect.bc	bisect.o	object
/home/lxh/Projects/NSPA/workspace/git-bc/objects/prompt.bc	prompt.o	object
/home/lxh/Projects/NSPA/workspace/git-bc/objects/copy.bc	copy.o	object
/home/lxh/Projects/NSPA/workspace/git-bc/objects/diffcore-pickaxe.bc	diffcore-pickaxe.o	object
/home/lxh/Projects/NSPA/workspace/git-bc/objects/trace2.bc	trace2.o	object
/home/lxh/Projects/NSPA/workspace/git-bc/objects/replay.bc	replay.o	object
/home/lxh/Projects/NSPA/workspace/git-bc/objects/merge.bc	merge.o	object
/home/lxh/Projects/NSPA/workspace/git-bc/objects/column.bc	column.o	object
/home/lxh/Projects/NSPA/workspace/git-bc/objects/oidtree.bc	oidtree.o	object
/home/lxh/Projects/NSPA/workspace/git-bc/objects/versioncmp.bc	versioncmp.o	object
/home/lxh/Projects/NSPA/workspace/git-bc/objects/revision.bc	revision.o	object
/home/lxh/Projects/NSPA/workspace/git-bc/objects/credential.bc	credential.o	object
/home/lxh/Projects/NSPA/workspace/git-bc/objects/remote.bc	remote.o	object
/home/lxh/Projects/NSPA/workspace/git-bc/objects/trace.bc	trace.o	object
/home/lxh/Projects/NSPA/workspace/git-bc/objects/chdir-notify.bc	chdir-notify.o	object
/home/lxh/Projects/NSPA/workspace/git-bc/objects/entry.bc	entry.o	object
/home/lxh/Projects/NSPA/workspace/git-bc/objects/diff.bc	diff.o	object
/home/lxh/Projects/NSPA/workspace/git-bc/objects/blob.bc	blob.o	object
/home/lxh/Projects/NSPA/workspace/git-bc/objects/xdiff/xemit.bc	xdiff/xemit.o	object
/home/lxh/Projects/NSPA/workspace/git-bc/objects/xdiff/xhistogram.bc	xdiff/xhistogram.o	object
/home/lxh/Projects/NSPA/workspace/git-bc/objects/xdiff/xpatience.bc	xdiff/xpatience.o	object
/home/lxh/Projects/NSPA/workspace/git-bc/objects/xdiff/xdiffi.bc	xdiff/xdiffi.o	object
/home/lxh/Projects/NSPA/workspace/git-bc/objects/xdiff/xutils.bc	xdiff/xutils.o	object
/home/lxh/Projects/NSPA/workspace/git-bc/objects/xdiff/xprepare.bc	xdiff/xprepare.o	object
/home/lxh/Projects/NSPA/workspace/git-bc/objects/xdiff/xmerge.bc	xdiff/xmerge.o	object
/home/lxh/Projects/NSPA/workspace/git-bc/objects/ref-filter.bc	ref-filter.o	object
/home/lxh/Projects/NSPA/workspace/git-bc/objects/common-init.bc	common-init.o	object
/home/lxh/Projects/NSPA/workspace/git-bc/objects/commit-reach.bc	commit-reach.o	object
/home/lxh/Projects/NSPA/workspace/git-bc/objects/name-hash.bc	name-hash.o	object
/home/lxh/Projects/NSPA/workspace/git-bc/objects/midx-write.bc	midx-write.o	object
/home/lxh/Projects/NSPA/workspace/git-bc/objects/branch.bc	branch.o	object
/home/lxh/Projects/NSPA/workspace/git-bc/objects/line-log.bc	line-log.o	object
/home/lxh/Projects/NSPA/workspace/git-bc/objects/date.bc	date.o	object
/home/lxh/Projects/NSPA/workspace/git-bc/objects/object-file-convert.bc	object-file-convert.o	object
/home/lxh/Projects/NSPA/workspace/git-bc/objects/worktree.bc	worktree.o	object
/home/lxh/Projects/NSPA/workspace/git-bc/objects/archive-zip.bc	archive-zip.o	object
/home/lxh/Projects/NSPA/workspace/git-bc/objects/connect.bc	connect.o	object
/home/lxh/Projects/NSPA/workspace/git-bc/objects/rerere.bc	rerere.o	object
/home/lxh/Projects/NSPA/workspace/git-bc/objects/pack-refs.bc	pack-refs.o	object
/home/lxh/Projects/NSPA/workspace/git-bc/objects/object.bc	object.o	object
/home/lxh/Projects/NSPA/workspace/git-bc/objects/gpg-interface.bc	gpg-interface.o	object
/home/lxh/Projects/NSPA/workspace/git-bc/objects/reflog.bc	reflog.o	object
/home/lxh/Projects/NSPA/workspace/git-bc/objects/path.bc	path.o	object
/home/lxh/Projects/NSPA/workspace/git-bc/objects/sparse-index.bc	sparse-index.o	object
/home/lxh/Projects/NSPA/workspace/git-bc/objects/pack-write.bc	pack-write.o	object
/home/lxh/Projects/NSPA/workspace/git-bc/objects/strvec.bc	strvec.o	object
/home/lxh/Projects/NSPA/workspace/git-bc/objects/merge-ort-wrappers.bc	merge-ort-wrappers.o	object
/home/lxh/Projects/NSPA/workspace/git-bc/objects/tempfile.bc	tempfile.o	object
/home/lxh/Projects/NSPA/workspace/git-bc/objects/exec-cmd.bc	exec-cmd.o	object
/home/lxh/Projects/NSPA/workspace/git-bc/objects/object-file.bc	object-file.o	object
/home/lxh/Projects/NSPA/workspace/git-bc/objects/odb.bc	odb.o	object
/home/lxh/Projects/NSPA/workspace/git-bc/objects/transport-helper.bc	transport-helper.o	object
/home/lxh/Projects/NSPA/workspace/git-bc/objects/pathspec.bc	pathspec.o	object
/home/lxh/Projects/NSPA/workspace/git-bc/objects/fsmonitor.bc	fsmonitor.o	object
/home/lxh/Projects/NSPA/workspace/git-bc/objects/git-zlib.bc	git-zlib.o	object
/home/lxh/Projects/NSPA/workspace/git-bc/objects/parse-options.bc	parse-options.o	object
/home/lxh/Projects/NSPA/workspace/git-bc/objects/url.bc	url.o	object
/home/lxh/Projects/NSPA/workspace/git-bc/objects/varint.bc	varint.o	object
/home/lxh/Projects/NSPA/workspace/git-bc/objects/merge-ll.bc	merge-ll.o	object
/home/lxh/Projects/NSPA/workspace/git-bc/objects/write-or-die.bc	write-or-die.o	object
/home/lxh/Projects/NSPA/workspace/git-bc/objects/list-objects-filter.bc	list-objects-filter.o	object
/home/lxh/Projects/NSPA/workspace/git-bc/objects/repo-settings.bc	repo-settings.o	object
/home/lxh/Projects/NSPA/workspace/git-bc/objects/shallow.bc	shallow.o	object
/home/lxh/Projects/NSPA/workspace/git-bc/objects/fetch-negotiator.bc	fetch-negotiator.o	object
/home/lxh/Projects/NSPA/workspace/git-bc/objects/config.bc	config.o	object
/home/lxh/Projects/NSPA/workspace/git-bc/objects/repack.bc	repack.o	object
/home/lxh/Projects/NSPA/workspace/git-bc/objects/strmap.bc	strmap.o	object
/home/lxh/Projects/NSPA/workspace/git-bc/objects/bloom.bc	bloom.o	object
/home/lxh/Projects/NSPA/workspace/git-bc/objects/pack-objects.bc	pack-objects.o	object
/home/lxh/Projects/NSPA/workspace/git-bc/objects/progress.bc	progress.o	object
/home/lxh/Projects/NSPA/workspace/git-bc/objects/help.bc	help.o	object
/home/lxh/Projects/NSPA/workspace/git-bc/objects/line-range.bc	line-range.o	object
/home/lxh/Projects/NSPA/workspace/git-bc/objects/fsmonitor-settings.bc	fsmonitor-settings.o	object
/home/lxh/Projects/NSPA/workspace/git-bc/objects/fmt-merge-msg.bc	fmt-merge-msg.o	object
/home/lxh/Projects/NSPA/workspace/git-bc/objects/mem-pool.bc	mem-pool.o	object
/home/lxh/Projects/NSPA/workspace/git-bc/objects/quote.bc	quote.o	object
/home/lxh/Projects/NSPA/workspace/git-bc/objects/oidmap.bc	oidmap.o	object
/home/lxh/Projects/NSPA/workspace/git-bc/objects/send-pack.bc	send-pack.o	object
/home/lxh/Projects/NSPA/workspace/git-bc/objects/tag.bc	tag.o	object
/home/lxh/Projects/NSPA/workspace/git-bc/objects/mailinfo.bc	mailinfo.o	object
/home/lxh/Projects/NSPA/workspace/git-bc/objects/diffcore-delta.bc	diffcore-delta.o	object
/home/lxh/Projects/NSPA/workspace/git-bc/objects/wrapper.bc	wrapper.o	object
/home/lxh/Projects/NSPA/workspace/git-bc/objects/tmp-objdir.bc	tmp-objdir.o	object
/home/lxh/Projects/NSPA/workspace/git-bc/objects/merge-ort.bc	merge-ort.o	object
/home/lxh/Projects/NSPA/workspace/git-bc/objects/diagnose.bc	diagnose.o	object
/home/lxh/Projects/NSPA/workspace/git-bc/objects/setup.bc	setup.o	object
/home/lxh/Projects/NSPA/workspace/git-bc/objects/pack-bitmap.bc	pack-bitmap.o	object
/home/lxh/Projects/NSPA/workspace/git-bc/objects/lockfile.bc	lockfile.o	object
/home/lxh/Projects/NSPA/workspace/git-bc/objects/combine-diff.bc	combine-diff.o	object
/home/lxh/Projects/NSPA/workspace/git-bc/objects/negotiator/default.bc	negotiator/default.o	object
/home/lxh/Projects/NSPA/workspace/git-bc/objects/negotiator/skipping.bc	negotiator/skipping.o	object
/home/lxh/Projects/NSPA/workspace/git-bc/objects/negotiator/noop.bc	negotiator/noop.o	object
/home/lxh/Projects/NSPA/workspace/git-bc/objects/graph.bc	graph.o	object
/home/lxh/Projects/NSPA/workspace/git-bc/objects/pack-revindex.bc	pack-revindex.o	object
/home/lxh/Projects/NSPA/workspace/git-bc/objects/editor.bc	editor.o	object
/home/lxh/Projects/NSPA/workspace/git-bc/objects/notes-utils.bc	notes-utils.o	object
/home/lxh/Projects/NSPA/workspace/git-bc/objects/thread-utils.bc	thread-utils.o	object
/home/lxh/Projects/NSPA/workspace/git-bc/objects/patch-delta.bc	patch-delta.o	object
/home/lxh/Projects/NSPA/workspace/git-bc/objects/csum-file.bc	csum-file.o	object
/home/lxh/Projects/NSPA/workspace/git-bc/objects/rebase.bc	rebase.o	object
/home/lxh/Projects/NSPA/workspace/git-bc/objects/wildmatch.bc	wildmatch.o	object
/home/lxh/Projects/NSPA/workspace/git-bc/objects/protocol-caps.bc	protocol-caps.o	object
/home/lxh/Projects/NSPA/workspace/git-bc/objects/pretty.bc	pretty.o	object
/home/lxh/Projects/NSPA/workspace/git-bc/objects/abspath.bc	abspath.o	object
/home/lxh/Projects/NSPA/workspace/git-bc/objects/bundle.bc	bundle.o	object
/home/lxh/Projects/NSPA/workspace/git-bc/objects/fsmonitor-ipc.bc	fsmonitor-ipc.o	object
/home/lxh/Projects/NSPA/workspace/git-bc/objects/tree-diff.bc	tree-diff.o	object
/home/lxh/Projects/NSPA/workspace/git-bc/objects/list-objects-filter-options.bc	list-objects-filter-options.o	object
/home/lxh/Projects/NSPA/workspace/git-bc/objects/rebase-interactive.bc	rebase-interactive.o	object
/home/lxh/Projects/NSPA/workspace/git-bc/archive-objects/libgit/submodule.bc	libgit.a:submodule.o	archive
/home/lxh/Projects/NSPA/workspace/git-bc/archive-objects/libgit/xemit.bc	libgit.a:xemit.o	archive
/home/lxh/Projects/NSPA/workspace/git-bc/archive-objects/libgit/merge-blobs.bc	libgit.a:merge-blobs.o	archive
/home/lxh/Projects/NSPA/workspace/git-bc/archive-objects/libgit/trailer.bc	libgit.a:trailer.o	archive
/home/lxh/Projects/NSPA/workspace/git-bc/archive-objects/libgit/diffcore-rename.bc	libgit.a:diffcore-rename.o	archive
/home/lxh/Projects/NSPA/workspace/git-bc/archive-objects/libgit/qsort_s.bc	libgit.a:qsort_s.o	archive
/home/lxh/Projects/NSPA/workspace/git-bc/archive-objects/libgit/run-command.bc	libgit.a:run-command.o	archive
/home/lxh/Projects/NSPA/workspace/git-bc/archive-objects/libgit/hex-ll.bc	libgit.a:hex-ll.o	archive
/home/lxh/Projects/NSPA/workspace/git-bc/archive-objects/libgit/kwset.bc	libgit.a:kwset.o	archive
/home/lxh/Projects/NSPA/workspace/git-bc/archive-objects/libgit/diffcore-order.bc	libgit.a:diffcore-order.o	archive
/home/lxh/Projects/NSPA/workspace/git-bc/archive-objects/libgit/prio-queue.bc	libgit.a:prio-queue.o	archive
/home/lxh/Projects/NSPA/workspace/git-bc/archive-objects/libgit/version.bc	libgit.a:version.o	archive
/home/lxh/Projects/NSPA/workspace/git-bc/archive-objects/libgit/sha1.bc	libgit.a:sha1.o	archive
/home/lxh/Projects/NSPA/workspace/git-bc/archive-objects/libgit/tr2_tmr.bc	libgit.a:tr2_tmr.o	archive
/home/lxh/Projects/NSPA/workspace/git-bc/archive-objects/libgit/notes-cache.bc	libgit.a:notes-cache.o	archive
/home/lxh/Projects/NSPA/workspace/git-bc/archive-objects/libgit/convert.bc	libgit.a:convert.o	archive
/home/lxh/Projects/NSPA/workspace/git-bc/archive-objects/libgit/urlmatch.bc	libgit.a:urlmatch.o	archive
/home/lxh/Projects/NSPA/workspace/git-bc/archive-objects/libgit/diff-delta.bc	libgit.a:diff-delta.o	archive
/home/lxh/Projects/NSPA/workspace/git-bc/archive-objects/libgit/tr2_ctr.bc	libgit.a:tr2_ctr.o	archive
/home/lxh/Projects/NSPA/workspace/git-bc/archive-objects/libgit/sequencer.bc	libgit.a:sequencer.o	archive
/home/lxh/Projects/NSPA/workspace/git-bc/archive-objects/libgit/tr2_sysenv.bc	libgit.a:tr2_sysenv.o	archive
/home/lxh/Projects/NSPA/workspace/git-bc/archive-objects/libgit/refspec.bc	libgit.a:refspec.o	archive
/home/lxh/Projects/NSPA/workspace/git-bc/archive-objects/libgit/advice.bc	libgit.a:advice.o	archive
/home/lxh/Projects/NSPA/workspace/git-bc/archive-objects/libgit/decorate.bc	libgit.a:decorate.o	archive
/home/lxh/Projects/NSPA/workspace/git-bc/archive-objects/libgit/submodule-config.bc	libgit.a:submodule-config.o	archive
/home/lxh/Projects/NSPA/workspace/git-bc/archive-objects/libgit/pack-mtimes.bc	libgit.a:pack-mtimes.o	archive
/home/lxh/Projects/NSPA/workspace/git-bc/archive-objects/libgit/strbuf.bc	libgit.a:strbuf.o	archive
/home/lxh/Projects/NSPA/workspace/git-bc/archive-objects/libgit/hashmap.bc	libgit.a:hashmap.o	archive
/home/lxh/Projects/NSPA/workspace/git-bc/archive-objects/libgit/parse-options-cb.bc	libgit.a:parse-options-cb.o	archive
/home/lxh/Projects/NSPA/workspace/git-bc/archive-objects/libgit/fopen.bc	libgit.a:fopen.o	archive
/home/lxh/Projects/NSPA/workspace/git-bc/archive-objects/libgit/reset.bc	libgit.a:reset.o	archive
/home/lxh/Projects/NSPA/workspace/git-bc/archive-objects/libgit/unix-socket.bc	libgit.a:unix-socket.o	archive
/home/lxh/Projects/NSPA/workspace/git-bc/archive-objects/libgit/nonblock.bc	libgit.a:nonblock.o	archive
/home/lxh/Projects/NSPA/workspace/git-bc/archive-objects/libgit/server-info.bc	libgit.a:server-info.o	archive
/home/lxh/Projects/NSPA/workspace/git-bc/archive-objects/libgit/commit.bc	libgit.a:commit.o	archive
/home/lxh/Projects/NSPA/workspace/git-bc/archive-objects/libgit/add-interactive.bc	libgit.a:add-interactive.o	archive
/home/lxh/Projects/NSPA/workspace/git-bc/archive-objects/libgit/checkout.bc	libgit.a:checkout.o	archive
/home/lxh/Projects/NSPA/workspace/git-bc/archive-objects/libgit/procinfo.bc	libgit.a:procinfo.o	archive
/home/lxh/Projects/NSPA/workspace/git-bc/archive-objects/libgit/xhistogram.bc	libgit.a:xhistogram.o	archive
/home/lxh/Projects/NSPA/workspace/git-bc/archive-objects/libgit/delta-islands.bc	libgit.a:delta-islands.o	archive
/home/lxh/Projects/NSPA/workspace/git-bc/archive-objects/libgit/patch-ids.bc	libgit.a:patch-ids.o	archive
/home/lxh/Projects/NSPA/workspace/git-bc/archive-objects/libgit/grep.bc	libgit.a:grep.o	archive
/home/lxh/Projects/NSPA/workspace/git-bc/archive-objects/libgit/oidset.bc	libgit.a:oidset.o	archive
/home/lxh/Projects/NSPA/workspace/git-bc/archive-objects/libgit/repack-geometry.bc	libgit.a:repack-geometry.o	archive
/home/lxh/Projects/NSPA/workspace/git-bc/archive-objects/libgit/base85.bc	libgit.a:base85.o	archive
/home/lxh/Projects/NSPA/workspace/git-bc/archive-objects/libgit/serve.bc	libgit.a:serve.o	archive
/home/lxh/Projects/NSPA/workspace/git-bc/archive-objects/libgit/wt-status.bc	libgit.a:wt-status.o	archive
/home/lxh/Projects/NSPA/workspace/git-bc/archive-objects/libgit/symlinks.bc	libgit.a:symlinks.o	archive
/home/lxh/Projects/NSPA/workspace/git-bc/archive-objects/libgit/chunk-format.bc	libgit.a:chunk-format.o	archive
/home/lxh/Projects/NSPA/workspace/git-bc/archive-objects/libgit/fetch-pack.bc	libgit.a:fetch-pack.o	archive
/home/lxh/Projects/NSPA/workspace/git-bc/archive-objects/libgit/pseudo-merge.bc	libgit.a:pseudo-merge.o	archive
/home/lxh/Projects/NSPA/workspace/git-bc/archive-objects/libgit/archive-tar.bc	libgit.a:archive-tar.o	archive
/home/lxh/Projects/NSPA/workspace/git-bc/archive-objects/libgit/diff-merges.bc	libgit.a:diff-merges.o	archive
/home/lxh/Projects/NSPA/workspace/git-bc/archive-objects/libgit/diff-no-index.bc	libgit.a:diff-no-index.o	archive
/home/lxh/Projects/NSPA/workspace/git-bc/archive-objects/libgit/repack-cruft.bc	libgit.a:repack-cruft.o	archive
/home/lxh/Projects/NSPA/workspace/git-bc/archive-objects/libgit/transport.bc	libgit.a:transport.o	archive
/home/lxh/Projects/NSPA/workspace/git-bc/archive-objects/libgit/oid-array.bc	libgit.a:oid-array.o	archive
/home/lxh/Projects/NSPA/workspace/git-bc/archive-objects/libgit/packfile.bc	libgit.a:packfile.o	archive
/home/lxh/Projects/NSPA/workspace/git-bc/archive-objects/libgit/ws.bc	libgit.a:ws.o	archive
/home/lxh/Projects/NSPA/workspace/git-bc/archive-objects/libgit/pager.bc	libgit.a:pager.o	archive
/home/lxh/Projects/NSPA/workspace/git-bc/archive-objects/libgit/terminal.bc	libgit.a:terminal.o	archive
/home/lxh/Projects/NSPA/workspace/git-bc/archive-objects/libgit/repository.bc	libgit.a:repository.o	archive
/home/lxh/Projects/NSPA/workspace/git-bc/archive-objects/libgit/reflog-walk.bc	libgit.a:reflog-walk.o	archive
/home/lxh/Projects/NSPA/workspace/git-bc/archive-objects/libgit/repack-filtered.bc	libgit.a:repack-filtered.o	archive
/home/lxh/Projects/NSPA/workspace/git-bc/archive-objects/libgit/ipc-shared.bc	libgit.a:ipc-shared.o	archive
/home/lxh/Projects/NSPA/workspace/git-bc/archive-objects/libgit/ls-refs.bc	libgit.a:ls-refs.o	archive
/home/lxh/Projects/NSPA/workspace/git-bc/archive-objects/libgit/pack-bitmap-write.bc	libgit.a:pack-bitmap-write.o	archive
/home/lxh/Projects/NSPA/workspace/git-bc/archive-objects/libgit/regex.bc	libgit.a:regex.o	archive
/home/lxh/Projects/NSPA/workspace/git-bc/archive-objects/libgit/xdiff-interface.bc	libgit.a:xdiff-interface.o	archive
/home/lxh/Projects/NSPA/workspace/git-bc/archive-objects/libgit/upload-pack.bc	libgit.a:upload-pack.o	archive
/home/lxh/Projects/NSPA/workspace/git-bc/archive-objects/libgit/environment.bc	libgit.a:environment.o	archive
/home/lxh/Projects/NSPA/workspace/git-bc/archive-objects/libgit/replace-object.bc	libgit.a:replace-object.o	archive
/home/lxh/Projects/NSPA/workspace/git-bc/archive-objects/libgit/midx.bc	libgit.a:midx.o	archive
/home/lxh/Projects/NSPA/workspace/git-bc/archive-objects/libgit/list-objects.bc	libgit.a:list-objects.o	archive
/home/lxh/Projects/NSPA/workspace/git-bc/archive-objects/libgit/log-tree.bc	libgit.a:log-tree.o	archive
/home/lxh/Projects/NSPA/workspace/git-bc/archive-objects/libgit/diffcore-break.bc	libgit.a:diffcore-break.o	archive
/home/lxh/Projects/NSPA/workspace/git-bc/archive-objects/libgit/source-files.bc	libgit.a:source-files.o	archive
/home/lxh/Projects/NSPA/workspace/git-bc/archive-objects/libgit/json-writer.bc	libgit.a:json-writer.o	archive
/home/lxh/Projects/NSPA/workspace/git-bc/archive-objects/libgit/read-cache.bc	libgit.a:read-cache.o	archive
/home/lxh/Projects/NSPA/workspace/git-bc/archive-objects/libgit/walker.bc	libgit.a:walker.o	archive
/home/lxh/Projects/NSPA/workspace/git-bc/archive-objects/libgit/hook.bc	libgit.a:hook.o	archive
/home/lxh/Projects/NSPA/workspace/git-bc/archive-objects/libgit/obstack.bc	libgit.a:obstack.o	archive
/home/lxh/Projects/NSPA/workspace/git-bc/archive-objects/libgit/sha1dc_git.bc	libgit.a:sha1dc_git.o	archive
/home/lxh/Projects/NSPA/workspace/git-bc/archive-objects/libgit/fsck.bc	libgit.a:fsck.o	archive
/home/lxh/Projects/NSPA/workspace/git-bc/archive-objects/libgit/table.bc	libgit.a:table.o	archive
/home/lxh/Projects/NSPA/workspace/git-bc/archive-objects/libgit/ident.bc	libgit.a:ident.o	archive
/home/lxh/Projects/NSPA/workspace/git-bc/archive-objects/libgit/gettext.bc	libgit.a:gettext.o	archive
/home/lxh/Projects/NSPA/workspace/git-bc/archive-objects/libgit/resolve-undo.bc	libgit.a:resolve-undo.o	archive
/home/lxh/Projects/NSPA/workspace/git-bc/archive-objects/libgit/ipc-unix-socket.bc	libgit.a:ipc-unix-socket.o	archive
/home/lxh/Projects/NSPA/workspace/git-bc/archive-objects/libgit/mailmap.bc	libgit.a:mailmap.o	archive
/home/lxh/Projects/NSPA/workspace/git-bc/archive-objects/libgit/ewah_io.bc	libgit.a:ewah_io.o	archive
/home/lxh/Projects/NSPA/workspace/git-bc/archive-objects/libgit/alias.bc	libgit.a:alias.o	archive
/home/lxh/Projects/NSPA/workspace/git-bc/archive-objects/libgit/cbtree.bc	libgit.a:cbtree.o	archive
/home/lxh/Projects/NSPA/workspace/git-bc/archive-objects/libgit/add-patch.bc	libgit.a:add-patch.o	archive
/home/lxh/Projects/NSPA/workspace/git-bc/archive-objects/libgit/reachable.bc	libgit.a:reachable.o	archive
/home/lxh/Projects/NSPA/workspace/git-bc/archive-objects/libgit/bundle-uri.bc	libgit.a:bundle-uri.o	archive
/home/lxh/Projects/NSPA/workspace/git-bc/archive-objects/libgit/archive.bc	libgit.a:archive.o	archive
/home/lxh/Projects/NSPA/workspace/git-bc/archive-objects/libgit/stable-qsort.bc	libgit.a:stable-qsort.o	archive
/home/lxh/Projects/NSPA/workspace/git-bc/archive-objects/libgit/unpack-trees.bc	libgit.a:unpack-trees.o	archive
/home/lxh/Projects/NSPA/workspace/git-bc/archive-objects/libgit/diff-lib.bc	libgit.a:diff-lib.o	archive
/home/lxh/Projects/NSPA/workspace/git-bc/archive-objects/libgit/diffcore-rotate.bc	libgit.a:diffcore-rotate.o	archive
/home/lxh/Projects/NSPA/workspace/git-bc/archive-objects/libgit/error.bc	libgit.a:error.o	archive
/home/lxh/Projects/NSPA/workspace/git-bc/archive-objects/libgit/unix-stream-server.bc	libgit.a:unix-stream-server.o	archive
/home/lxh/Projects/NSPA/workspace/git-bc/archive-objects/libgit/sigchain.bc	libgit.a:sigchain.o	archive
/home/lxh/Projects/NSPA/workspace/git-bc/archive-objects/libgit/ctype.bc	libgit.a:ctype.o	archive
/home/lxh/Projects/NSPA/workspace/git-bc/archive-objects/libgit/levenshtein.bc	libgit.a:levenshtein.o	archive
/home/lxh/Projects/NSPA/workspace/git-bc/archive-objects/libgit/pack-check.bc	libgit.a:pack-check.o	archive
/home/lxh/Projects/NSPA/workspace/git-bc/archive-objects/libgit/attr.bc	libgit.a:attr.o	archive
/home/lxh/Projects/NSPA/workspace/git-bc/archive-objects/libgit/merged.bc	libgit.a:merged.o	archive
/home/lxh/Projects/NSPA/workspace/git-bc/archive-objects/libgit/dir.bc	libgit.a:dir.o	archive
/home/lxh/Projects/NSPA/workspace/git-bc/archive-objects/libgit/basics.bc	libgit.a:basics.o	archive
/home/lxh/Projects/NSPA/workspace/git-bc/archive-objects/libgit/linear-assignment.bc	libgit.a:linear-assignment.o	archive
/home/lxh/Projects/NSPA/workspace/git-bc/archive-objects/libgit/protocol.bc	libgit.a:protocol.o	archive
/home/lxh/Projects/NSPA/workspace/git-bc/archive-objects/libgit/repack-promisor.bc	libgit.a:repack-promisor.o	archive
/home/lxh/Projects/NSPA/workspace/git-bc/archive-objects/libgit/tr2_tgt_perf.bc	libgit.a:tr2_tgt_perf.o	archive
/home/lxh/Projects/NSPA/workspace/git-bc/archive-objects/libgit/dir-iterator.bc	libgit.a:dir-iterator.o	archive
/home/lxh/Projects/NSPA/workspace/git-bc/archive-objects/libgit/writer.bc	libgit.a:writer.o	archive
/home/lxh/Projects/NSPA/workspace/git-bc/archive-objects/libgit/utf8.bc	libgit.a:utf8.o	archive
/home/lxh/Projects/NSPA/workspace/git-bc/archive-objects/libgit/color.bc	libgit.a:color.o	archive
/home/lxh/Projects/NSPA/workspace/git-bc/archive-objects/libgit/tr2_tbuf.bc	libgit.a:tr2_tbuf.o	archive
/home/lxh/Projects/NSPA/workspace/git-bc/archive-objects/libgit/alloc.bc	libgit.a:alloc.o	archive
/home/lxh/Projects/NSPA/workspace/git-bc/archive-objects/libgit/parallel-checkout.bc	libgit.a:parallel-checkout.o	archive
/home/lxh/Projects/NSPA/workspace/git-bc/archive-objects/libgit/blame.bc	libgit.a:blame.o	archive
/home/lxh/Projects/NSPA/workspace/git-bc/archive-objects/libgit/object-name.bc	libgit.a:object-name.o	archive
/home/lxh/Projects/NSPA/workspace/git-bc/archive-objects/libgit/common-exit.bc	libgit.a:common-exit.o	archive
/home/lxh/Projects/NSPA/workspace/git-bc/archive-objects/libgit/hex.bc	libgit.a:hex.o	archive
/home/lxh/Projects/NSPA/workspace/git-bc/archive-objects/libgit/split-index.bc	libgit.a:split-index.o	archive
/home/lxh/Projects/NSPA/workspace/git-bc/archive-objects/libgit/sideband.bc	libgit.a:sideband.o	archive
/home/lxh/Projects/NSPA/workspace/git-bc/archive-objects/libgit/parse.bc	libgit.a:parse.o	archive
/home/lxh/Projects/NSPA/workspace/git-bc/archive-objects/libgit/string-list.bc	libgit.a:string-list.o	archive
/home/lxh/Projects/NSPA/workspace/git-bc/archive-objects/libgit/commit-graph.bc	libgit.a:commit-graph.o	archive
/home/lxh/Projects/NSPA/workspace/git-bc/archive-objects/libgit/default.bc	libgit.a:default.o	archive
/home/lxh/Projects/NSPA/workspace/git-bc/archive-objects/libgit/source-inmemory.bc	libgit.a:source-inmemory.o	archive
/home/lxh/Projects/NSPA/workspace/git-bc/archive-objects/libgit/tr2_sid.bc	libgit.a:tr2_sid.o	archive
/home/lxh/Projects/NSPA/workspace/git-bc/archive-objects/libgit/match-trees.bc	libgit.a:match-trees.o	archive
/home/lxh/Projects/NSPA/workspace/git-bc/archive-objects/libgit/tree-walk.bc	libgit.a:tree-walk.o	archive
/home/lxh/Projects/NSPA/workspace/git-bc/archive-objects/libgit/range-diff.bc	libgit.a:range-diff.o	archive
/home/lxh/Projects/NSPA/workspace/git-bc/archive-objects/libgit/hash-lookup.bc	libgit.a:hash-lookup.o	archive
/home/lxh/Projects/NSPA/workspace/git-bc/archive-objects/libgit/preload-index.bc	libgit.a:preload-index.o	archive
/home/lxh/Projects/NSPA/workspace/git-bc/archive-objects/libgit/tr2_cfg.bc	libgit.a:tr2_cfg.o	archive
/home/lxh/Projects/NSPA/workspace/git-bc/archive-objects/libgit/loose.bc	libgit.a:loose.o	archive
/home/lxh/Projects/NSPA/workspace/git-bc/archive-objects/libgit/pkt-line.bc	libgit.a:pkt-line.o	archive
/home/lxh/Projects/NSPA/workspace/git-bc/archive-objects/libgit/notes.bc	libgit.a:notes.o	archive
/home/lxh/Projects/NSPA/workspace/git-bc/archive-objects/libgit/refs.bc	libgit.a:refs.o	archive
/home/lxh/Projects/NSPA/workspace/git-bc/archive-objects/libgit/ref-cache.bc	libgit.a:ref-cache.o	archive
/home/lxh/Projects/NSPA/workspace/git-bc/archive-objects/libgit/tree.bc	libgit.a:tree.o	archive
/home/lxh/Projects/NSPA/workspace/git-bc/archive-objects/libgit/path-walk.bc	libgit.a:path-walk.o	archive
/home/lxh/Projects/NSPA/workspace/git-bc/archive-objects/libgit/connected.bc	libgit.a:connected.o	archive
/home/lxh/Projects/NSPA/workspace/git-bc/archive-objects/libgit/statinfo.bc	libgit.a:statinfo.o	archive
/home/lxh/Projects/NSPA/workspace/git-bc/archive-objects/libgit/hash.bc	libgit.a:hash.o	archive
/home/lxh/Projects/NSPA/workspace/git-bc/archive-objects/libgit/usage.bc	libgit.a:usage.o	archive
/home/lxh/Projects/NSPA/workspace/git-bc/archive-objects/libgit/pq.bc	libgit.a:pq.o	archive
/home/lxh/Projects/NSPA/workspace/git-bc/archive-objects/libgit/ubc_check.bc	libgit.a:ubc_check.o	archive
/home/lxh/Projects/NSPA/workspace/git-bc/archive-objects/libgit/system.bc	libgit.a:system.o	archive
/home/lxh/Projects/NSPA/workspace/git-bc/archive-objects/libgit/promisor-remote.bc	libgit.a:promisor-remote.o	archive
/home/lxh/Projects/NSPA/workspace/git-bc/archive-objects/libgit/repack-midx.bc	libgit.a:repack-midx.o	archive
/home/lxh/Projects/NSPA/workspace/git-bc/archive-objects/libgit/apply.bc	libgit.a:apply.o	archive
/home/lxh/Projects/NSPA/workspace/git-bc/archive-objects/libgit/cache-tree.bc	libgit.a:cache-tree.o	archive
/home/lxh/Projects/NSPA/workspace/git-bc/archive-objects/libgit/sub-process.bc	libgit.a:sub-process.o	archive
/home/lxh/Projects/NSPA/workspace/git-bc/archive-objects/libgit/userdiff.bc	libgit.a:userdiff.o	archive
/home/lxh/Projects/NSPA/workspace/git-bc/archive-objects/libgit/block.bc	libgit.a:block.o	archive
/home/lxh/Projects/NSPA/workspace/git-bc/archive-objects/libgit/prune-packed.bc	libgit.a:prune-packed.o	archive
/home/lxh/Projects/NSPA/workspace/git-bc/archive-objects/libgit/record.bc	libgit.a:record.o	archive
/home/lxh/Projects/NSPA/workspace/git-bc/archive-objects/libgit/notes-merge.bc	libgit.a:notes-merge.o	archive
/home/lxh/Projects/NSPA/workspace/git-bc/archive-objects/libgit/bisect.bc	libgit.a:bisect.o	archive
/home/lxh/Projects/NSPA/workspace/git-bc/archive-objects/libgit/prompt.bc	libgit.a:prompt.o	archive
/home/lxh/Projects/NSPA/workspace/git-bc/archive-objects/libgit/copy.bc	libgit.a:copy.o	archive
/home/lxh/Projects/NSPA/workspace/git-bc/archive-objects/libgit/tr2_cmd_name.bc	libgit.a:tr2_cmd_name.o	archive
/home/lxh/Projects/NSPA/workspace/git-bc/archive-objects/libgit/packed-backend.bc	libgit.a:packed-backend.o	archive
/home/lxh/Projects/NSPA/workspace/git-bc/archive-objects/libgit/diffcore-pickaxe.bc	libgit.a:diffcore-pickaxe.o	archive
/home/lxh/Projects/NSPA/workspace/git-bc/archive-objects/libgit/trace2.bc	libgit.a:trace2.o	archive
/home/lxh/Projects/NSPA/workspace/git-bc/archive-objects/libgit/replay.bc	libgit.a:replay.o	archive
/home/lxh/Projects/NSPA/workspace/git-bc/archive-objects/libgit/merge.bc	libgit.a:merge.o	archive
/home/lxh/Projects/NSPA/workspace/git-bc/archive-objects/libgit/column.bc	libgit.a:column.o	archive
/home/lxh/Projects/NSPA/workspace/git-bc/archive-objects/libgit/oidtree.bc	libgit.a:oidtree.o	archive
/home/lxh/Projects/NSPA/workspace/git-bc/archive-objects/libgit/versioncmp.bc	libgit.a:versioncmp.o	archive
/home/lxh/Projects/NSPA/workspace/git-bc/archive-objects/libgit/revision.bc	libgit.a:revision.o	archive
/home/lxh/Projects/NSPA/workspace/git-bc/archive-objects/libgit/tr2_tls.bc	libgit.a:tr2_tls.o	archive
/home/lxh/Projects/NSPA/workspace/git-bc/archive-objects/libgit/credential.bc	libgit.a:credential.o	archive
/home/lxh/Projects/NSPA/workspace/git-bc/archive-objects/libgit/remote.bc	libgit.a:remote.o	archive
/home/lxh/Projects/NSPA/workspace/git-bc/archive-objects/libgit/trace.bc	libgit.a:trace.o	archive
/home/lxh/Projects/NSPA/workspace/git-bc/archive-objects/libgit/chdir-notify.bc	libgit.a:chdir-notify.o	archive
/home/lxh/Projects/NSPA/workspace/git-bc/archive-objects/libgit/entry.bc	libgit.a:entry.o	archive
/home/lxh/Projects/NSPA/workspace/git-bc/archive-objects/libgit/diff.bc	libgit.a:diff.o	archive
/home/lxh/Projects/NSPA/workspace/git-bc/archive-objects/libgit/transaction.bc	libgit.a:transaction.o	archive
/home/lxh/Projects/NSPA/workspace/git-bc/archive-objects/libgit/ewah_rlw.bc	libgit.a:ewah_rlw.o	archive
/home/lxh/Projects/NSPA/workspace/git-bc/archive-objects/libgit/xpatience.bc	libgit.a:xpatience.o	archive
/home/lxh/Projects/NSPA/workspace/git-bc/archive-objects/libgit/blob.bc	libgit.a:blob.o	archive
/home/lxh/Projects/NSPA/workspace/git-bc/archive-objects/libgit/sha256.bc	libgit.a:sha256.o	archive
/home/lxh/Projects/NSPA/workspace/git-bc/archive-objects/libgit/ref-filter.bc	libgit.a:ref-filter.o	archive
/home/lxh/Projects/NSPA/workspace/git-bc/archive-objects/libgit/tr2_dst.bc	libgit.a:tr2_dst.o	archive
/home/lxh/Projects/NSPA/workspace/git-bc/archive-objects/libgit/common-init.bc	libgit.a:common-init.o	archive
/home/lxh/Projects/NSPA/workspace/git-bc/archive-objects/libgit/commit-reach.bc	libgit.a:commit-reach.o	archive
/home/lxh/Projects/NSPA/workspace/git-bc/archive-objects/libgit/name-hash.bc	libgit.a:name-hash.o	archive
/home/lxh/Projects/NSPA/workspace/git-bc/archive-objects/libgit/midx-write.bc	libgit.a:midx-write.o	archive
/home/lxh/Projects/NSPA/workspace/git-bc/archive-objects/libgit/tr2_tgt_event.bc	libgit.a:tr2_tgt_event.o	archive
/home/lxh/Projects/NSPA/workspace/git-bc/archive-objects/libgit/branch.bc	libgit.a:branch.o	archive
/home/lxh/Projects/NSPA/workspace/git-bc/archive-objects/libgit/files-backend.bc	libgit.a:files-backend.o	archive
/home/lxh/Projects/NSPA/workspace/git-bc/archive-objects/libgit/line-log.bc	libgit.a:line-log.o	archive
/home/lxh/Projects/NSPA/workspace/git-bc/archive-objects/libgit/date.bc	libgit.a:date.o	archive
/home/lxh/Projects/NSPA/workspace/git-bc/archive-objects/libgit/object-file-convert.bc	libgit.a:object-file-convert.o	archive
/home/lxh/Projects/NSPA/workspace/git-bc/archive-objects/libgit/blocksource.bc	libgit.a:blocksource.o	archive
/home/lxh/Projects/NSPA/workspace/git-bc/archive-objects/libgit/worktree.bc	libgit.a:worktree.o	archive
/home/lxh/Projects/NSPA/workspace/git-bc/archive-objects/libgit/archive-zip.bc	libgit.a:archive-zip.o	archive
/home/lxh/Projects/NSPA/workspace/git-bc/archive-objects/libgit/connect.bc	libgit.a:connect.o	archive
/home/lxh/Projects/NSPA/workspace/git-bc/archive-objects/libgit/bitmap.bc	libgit.a:bitmap.o	archive
/home/lxh/Projects/NSPA/workspace/git-bc/archive-objects/libgit/rerere.bc	libgit.a:rerere.o	archive
/home/lxh/Projects/NSPA/workspace/git-bc/archive-objects/libgit/pack-refs.bc	libgit.a:pack-refs.o	archive
/home/lxh/Projects/NSPA/workspace/git-bc/archive-objects/libgit/object.bc	libgit.a:object.o	archive
/home/lxh/Projects/NSPA/workspace/git-bc/archive-objects/libgit/gpg-interface.bc	libgit.a:gpg-interface.o	archive
/home/lxh/Projects/NSPA/workspace/git-bc/archive-objects/libgit/reflog.bc	libgit.a:reflog.o	archive
/home/lxh/Projects/NSPA/workspace/git-bc/archive-objects/libgit/path.bc	libgit.a:path.o	archive
/home/lxh/Projects/NSPA/workspace/git-bc/archive-objects/libgit/sparse-index.bc	libgit.a:sparse-index.o	archive
/home/lxh/Projects/NSPA/workspace/git-bc/archive-objects/libgit/pack-write.bc	libgit.a:pack-write.o	archive
/home/lxh/Projects/NSPA/workspace/git-bc/archive-objects/libgit/strvec.bc	libgit.a:strvec.o	archive
/home/lxh/Projects/NSPA/workspace/git-bc/archive-objects/libgit/xdiffi.bc	libgit.a:xdiffi.o	archive
/home/lxh/Projects/NSPA/workspace/git-bc/archive-objects/libgit/merge-ort-wrappers.bc	libgit.a:merge-ort-wrappers.o	archive
/home/lxh/Projects/NSPA/workspace/git-bc/archive-objects/libgit/tempfile.bc	libgit.a:tempfile.o	archive
/home/lxh/Projects/NSPA/workspace/git-bc/archive-objects/libgit/exec-cmd.bc	libgit.a:exec-cmd.o	archive
/home/lxh/Projects/NSPA/workspace/git-bc/archive-objects/libgit/object-file.bc	libgit.a:object-file.o	archive
/home/lxh/Projects/NSPA/workspace/git-bc/archive-objects/libgit/odb.bc	libgit.a:odb.o	archive
/home/lxh/Projects/NSPA/workspace/git-bc/archive-objects/libgit/skipping.bc	libgit.a:skipping.o	archive
/home/lxh/Projects/NSPA/workspace/git-bc/archive-objects/libgit/debug.bc	libgit.a:debug.o	archive
/home/lxh/Projects/NSPA/workspace/git-bc/archive-objects/libgit/transport-helper.bc	libgit.a:transport-helper.o	archive
/home/lxh/Projects/NSPA/workspace/git-bc/archive-objects/libgit/pathspec.bc	libgit.a:pathspec.o	archive
/home/lxh/Projects/NSPA/workspace/git-bc/archive-objects/libgit/fsmonitor.bc	libgit.a:fsmonitor.o	archive
/home/lxh/Projects/NSPA/workspace/git-bc/archive-objects/libgit/git-zlib.bc	libgit.a:git-zlib.o	archive
/home/lxh/Projects/NSPA/workspace/git-bc/archive-objects/libgit/parse-options.bc	libgit.a:parse-options.o	archive
/home/lxh/Projects/NSPA/workspace/git-bc/archive-objects/libgit/url.bc	libgit.a:url.o	archive
/home/lxh/Projects/NSPA/workspace/git-bc/archive-objects/libgit/xutils.bc	libgit.a:xutils.o	archive
/home/lxh/Projects/NSPA/workspace/git-bc/archive-objects/libgit/varint.bc	libgit.a:varint.o	archive
/home/lxh/Projects/NSPA/workspace/git-bc/archive-objects/libgit/not-constant.bc	libgit.a:not-constant.o	archive
/home/lxh/Projects/NSPA/workspace/git-bc/archive-objects/libgit/merge-ll.bc	libgit.a:merge-ll.o	archive
/home/lxh/Projects/NSPA/workspace/git-bc/archive-objects/libgit/write-or-die.bc	libgit.a:write-or-die.o	archive
/home/lxh/Projects/NSPA/workspace/git-bc/archive-objects/libgit/open.bc	libgit.a:open.o	archive
/home/lxh/Projects/NSPA/workspace/git-bc/archive-objects/libgit/list-objects-filter.bc	libgit.a:list-objects-filter.o	archive
/home/lxh/Projects/NSPA/workspace/git-bc/archive-objects/libgit/repo-settings.bc	libgit.a:repo-settings.o	archive
/home/lxh/Projects/NSPA/workspace/git-bc/archive-objects/libgit/shallow.bc	libgit.a:shallow.o	archive
/home/lxh/Projects/NSPA/workspace/git-bc/archive-objects/libgit/fetch-negotiator.bc	libgit.a:fetch-negotiator.o	archive
/home/lxh/Projects/NSPA/workspace/git-bc/archive-objects/libgit/config.bc	libgit.a:config.o	archive
/home/lxh/Projects/NSPA/workspace/git-bc/archive-objects/libgit/repack.bc	libgit.a:repack.o	archive
/home/lxh/Projects/NSPA/workspace/git-bc/archive-objects/libgit/strmap.bc	libgit.a:strmap.o	archive
/home/lxh/Projects/NSPA/workspace/git-bc/archive-objects/libgit/noop.bc	libgit.a:noop.o	archive
/home/lxh/Projects/NSPA/workspace/git-bc/archive-objects/libgit/bloom.bc	libgit.a:bloom.o	archive
/home/lxh/Projects/NSPA/workspace/git-bc/archive-objects/libgit/pack-objects.bc	libgit.a:pack-objects.o	archive
/home/lxh/Projects/NSPA/workspace/git-bc/archive-objects/libgit/stack.bc	libgit.a:stack.o	archive
/home/lxh/Projects/NSPA/workspace/git-bc/archive-objects/libgit/iter.bc	libgit.a:iter.o	archive
/home/lxh/Projects/NSPA/workspace/git-bc/archive-objects/libgit/xprepare.bc	libgit.a:xprepare.o	archive
/home/lxh/Projects/NSPA/workspace/git-bc/archive-objects/libgit/progress.bc	libgit.a:progress.o	archive
/home/lxh/Projects/NSPA/workspace/git-bc/archive-objects/libgit/help.bc	libgit.a:help.o	archive
/home/lxh/Projects/NSPA/workspace/git-bc/archive-objects/libgit/streaming.bc	libgit.a:streaming.o	archive
/home/lxh/Projects/NSPA/workspace/git-bc/archive-objects/libgit/line-range.bc	libgit.a:line-range.o	archive
/home/lxh/Projects/NSPA/workspace/git-bc/archive-objects/libgit/fsmonitor-settings.bc	libgit.a:fsmonitor-settings.o	archive
/home/lxh/Projects/NSPA/workspace/git-bc/archive-objects/libgit/fmt-merge-msg.bc	libgit.a:fmt-merge-msg.o	archive
/home/lxh/Projects/NSPA/workspace/git-bc/archive-objects/libgit/mem-pool.bc	libgit.a:mem-pool.o	archive
/home/lxh/Projects/NSPA/workspace/git-bc/archive-objects/libgit/reftable-backend.bc	libgit.a:reftable-backend.o	archive
/home/lxh/Projects/NSPA/workspace/git-bc/archive-objects/libgit/quote.bc	libgit.a:quote.o	archive
/home/lxh/Projects/NSPA/workspace/git-bc/archive-objects/libgit/oidmap.bc	libgit.a:oidmap.o	archive
/home/lxh/Projects/NSPA/workspace/git-bc/archive-objects/libgit/send-pack.bc	libgit.a:send-pack.o	archive
/home/lxh/Projects/NSPA/workspace/git-bc/archive-objects/libgit/tag.bc	libgit.a:tag.o	archive
/home/lxh/Projects/NSPA/workspace/git-bc/archive-objects/libgit/mailinfo.bc	libgit.a:mailinfo.o	archive
/home/lxh/Projects/NSPA/workspace/git-bc/archive-objects/libgit/source.bc	libgit.a:source.o	archive
/home/lxh/Projects/NSPA/workspace/git-bc/archive-objects/libgit/diffcore-delta.bc	libgit.a:diffcore-delta.o	archive
/home/lxh/Projects/NSPA/workspace/git-bc/archive-objects/libgit/wrapper.bc	libgit.a:wrapper.o	archive
/home/lxh/Projects/NSPA/workspace/git-bc/archive-objects/libgit/tmp-objdir.bc	libgit.a:tmp-objdir.o	archive
/home/lxh/Projects/NSPA/workspace/git-bc/archive-objects/libgit/merge-ort.bc	libgit.a:merge-ort.o	archive
/home/lxh/Projects/NSPA/workspace/git-bc/archive-objects/libgit/diagnose.bc	libgit.a:diagnose.o	archive
/home/lxh/Projects/NSPA/workspace/git-bc/archive-objects/libgit/setup.bc	libgit.a:setup.o	archive
/home/lxh/Projects/NSPA/workspace/git-bc/archive-objects/libgit/pack-bitmap.bc	libgit.a:pack-bitmap.o	archive
/home/lxh/Projects/NSPA/workspace/git-bc/archive-objects/libgit/lockfile.bc	libgit.a:lockfile.o	archive
/home/lxh/Projects/NSPA/workspace/git-bc/archive-objects/libgit/combine-diff.bc	libgit.a:combine-diff.o	archive
/home/lxh/Projects/NSPA/workspace/git-bc/archive-objects/libgit/xmerge.bc	libgit.a:xmerge.o	archive
/home/lxh/Projects/NSPA/workspace/git-bc/archive-objects/libgit/graph.bc	libgit.a:graph.o	archive
/home/lxh/Projects/NSPA/workspace/git-bc/archive-objects/libgit/pack-revindex.bc	libgit.a:pack-revindex.o	archive
/home/lxh/Projects/NSPA/workspace/git-bc/archive-objects/libgit/editor.bc	libgit.a:editor.o	archive
/home/lxh/Projects/NSPA/workspace/git-bc/archive-objects/libgit/notes-utils.bc	libgit.a:notes-utils.o	archive
/home/lxh/Projects/NSPA/workspace/git-bc/archive-objects/libgit/thread-utils.bc	libgit.a:thread-utils.o	archive
/home/lxh/Projects/NSPA/workspace/git-bc/archive-objects/libgit/patch-delta.bc	libgit.a:patch-delta.o	archive
/home/lxh/Projects/NSPA/workspace/git-bc/archive-objects/libgit/iterator.bc	libgit.a:iterator.o	archive
/home/lxh/Projects/NSPA/workspace/git-bc/archive-objects/libgit/csum-file.bc	libgit.a:csum-file.o	archive
/home/lxh/Projects/NSPA/workspace/git-bc/archive-objects/libgit/ewah_bitmap.bc	libgit.a:ewah_bitmap.o	archive
/home/lxh/Projects/NSPA/workspace/git-bc/archive-objects/libgit/rebase.bc	libgit.a:rebase.o	archive
/home/lxh/Projects/NSPA/workspace/git-bc/archive-objects/libgit/wildmatch.bc	libgit.a:wildmatch.o	archive
/home/lxh/Projects/NSPA/workspace/git-bc/archive-objects/libgit/protocol-caps.bc	libgit.a:protocol-caps.o	archive
/home/lxh/Projects/NSPA/workspace/git-bc/archive-objects/libgit/pretty.bc	libgit.a:pretty.o	archive
/home/lxh/Projects/NSPA/workspace/git-bc/archive-objects/libgit/abspath.bc	libgit.a:abspath.o	archive
/home/lxh/Projects/NSPA/workspace/git-bc/archive-objects/libgit/bundle.bc	libgit.a:bundle.o	archive
/home/lxh/Projects/NSPA/workspace/git-bc/archive-objects/libgit/tr2_tgt_normal.bc	libgit.a:tr2_tgt_normal.o	archive
/home/lxh/Projects/NSPA/workspace/git-bc/archive-objects/libgit/fsmonitor-ipc.bc	libgit.a:fsmonitor-ipc.o	archive
/home/lxh/Projects/NSPA/workspace/git-bc/archive-objects/libgit/strlcpy.bc	libgit.a:strlcpy.o	archive
/home/lxh/Projects/NSPA/workspace/git-bc/archive-objects/libgit/tree-diff.bc	libgit.a:tree-diff.o	archive
/home/lxh/Projects/NSPA/workspace/git-bc/archive-objects/libgit/list-objects-filter-options.bc	libgit.a:list-objects-filter-options.o	archive
/home/lxh/Projects/NSPA/workspace/git-bc/archive-objects/libgit/rebase-interactive.bc	libgit.a:rebase-interactive.o	archive
